timestamp,phase,wave,lane,agent_role,agent_name,task_id,task_summary,owned_paths,source_artifact,result_artifact,status,notes
2026-05-08T03:41:44-06:00,phase-01,planning,ui-shell,planner,Helmholtz,PLAN-P1-UI-SHELL,"Plan neutral UI shell and service contracts","docs/treeify-rewrite/phases/phase-01/planning/PLAN-P1-UI-SHELL.md","docs/treeify-rewrite/governing; docs/treeify-rewrite/orchestration/LEGACY_INVENTORY.md","docs/treeify-rewrite/phases/phase-01/planning/PLAN-P1-UI-SHELL.md",completed,"agent_id=019e06f6-d184-7ca3-9654-9b8c013a7a0e; orchestrator aligned package root/control ownership"
2026-05-08T03:41:44-06:00,phase-01,planning,ui-state-controls,planner,Russell,PLAN-P1-UI-STATE-CONTROLS,"Plan reusable screen state controls and biome picker boundary","docs/treeify-rewrite/phases/phase-01/planning/PLAN-P1-UI-STATE-CONTROLS.md","docs/treeify-rewrite/governing; docs/treeify-rewrite/orchestration/LEGACY_INVENTORY.md","docs/treeify-rewrite/phases/phase-01/planning/PLAN-P1-UI-STATE-CONTROLS.md",completed,"agent_id=019e06f6-d159-76d3-b277-ee9f0f7bb818"
2026-05-08T03:46:39-06:00,phase-01,builder,ui-shell,builder,Banach,BUILD-P1-UI-SHELL,"Implement neutral UI shell model and config service contracts","common/src/main/java/com/squinchmods/structurify/common/treeify/ui/shell/**; common/src/main/java/com/squinchmods/structurify/common/treeify/ui/model/**; common/src/main/java/com/squinchmods/structurify/common/treeify/ui/service/ConfigUi*.java; common/src/main/java/com/squinchmods/structurify/common/treeify/ui/service/TreeifyConfig*.java; docs/treeify-rewrite/phases/phase-01/build/BUILD-P1-UI-SHELL.md","docs/treeify-rewrite/phases/phase-01/planning/PLAN-P1-UI-SHELL.md","docs/treeify-rewrite/phases/phase-01/build/BUILD-P1-UI-SHELL.md",completed,"agent_id=019e06fb-5e8c-74c2-84cc-3821f2335630"
2026-05-08T03:46:39-06:00,phase-01,builder,ui-state-controls,builder,Lovelace,BUILD-P1-UI-STATE-CONTROLS,"Implement reusable screen state controls and biome picker boundary","common/src/main/java/com/squinchmods/structurify/common/treeify/ui/state/**; common/src/main/java/com/squinchmods/structurify/common/treeify/ui/control/**; common/src/main/java/com/squinchmods/structurify/common/treeify/ui/option/**; common/src/main/java/com/squinchmods/structurify/common/treeify/ui/service/BiomeChoice*.java; docs/treeify-rewrite/phases/phase-01/build/BUILD-P1-UI-STATE-CONTROLS.md","docs/treeify-rewrite/phases/phase-01/planning/PLAN-P1-UI-STATE-CONTROLS.md","docs/treeify-rewrite/phases/phase-01/build/BUILD-P1-UI-STATE-CONTROLS.md",launched,"agent_id=019e06fb-5ec6-7873-8bac-4b38c730a532"
2026-05-08T03:50:00-06:00,phase-01,qa,ui-shell,qa,Gemini,QA-P1-UI-SHELL,"Perform QA on UI shell implementation","docs/treeify-rewrite/phases/phase-01/qa/QA-P1-UI-SHELL.md","docs/treeify-rewrite/phases/phase-01/planning/PLAN-P1-UI-SHELL.md; docs/treeify-rewrite/phases/phase-01/build/BUILD-P1-UI-SHELL.md","docs/treeify-rewrite/phases/phase-01/qa/QA-P1-UI-SHELL.md",completed,"agent_id=Gemini"
2026-05-08T03:50:00-06:00,phase-01,qa,ui-state-controls,qa,Gemini,QA-P1-UI-STATE-CONTROLS,"Perform QA on UI state controls implementation","docs/treeify-rewrite/phases/phase-01/qa/QA-P1-UI-STATE-CONTROLS.md","docs/treeify-rewrite/phases/phase-01/planning/PLAN-P1-UI-STATE-CONTROLS.md; docs/treeify-rewrite/phases/phase-01/build/BUILD-P1-UI-STATE-CONTROLS.md","docs/treeify-rewrite/phases/phase-01/qa/QA-P1-UI-STATE-CONTROLS.md",completed,"agent_id=Gemini"
2026-05-08T03:50:00-06:00,phase-01,phase-qa,all,qa,Gemini,PHASE-QA-P1,"Perform Phase 1 overall QA","docs/treeify-rewrite/phases/phase-01/phase-qa/PHASE-QA-P1.md","docs/treeify-rewrite/phases/phase-01/qa/QA-P1-UI-SHELL.md; docs/treeify-rewrite/phases/phase-01/qa/QA-P1-UI-STATE-CONTROLS.md","docs/treeify-rewrite/phases/phase-01/phase-qa/PHASE-QA-P1.md",completed,"agent_id=Gemini"
2026-05-08T03:55:00-06:00,phase-02,planning,discovery,planner,Gemini,PLAN-P2-DISCOVERY,"Plan vegetation discovery and classification","docs/treeify-rewrite/phases/phase-02/planning/PLAN-P2-DISCOVERY.md","docs/treeify-rewrite/governing","docs/treeify-rewrite/phases/phase-02/planning/PLAN-P2-DISCOVERY.md",completed,"agent_id=Gemini"
2026-05-08T03:55:00-06:00,phase-03,planning,rules,planner,Gemini,PLAN-P3-RULES,"Plan vegetation config schema","docs/treeify-rewrite/phases/phase-03/planning/PLAN-P3-RULES.md","docs/treeify-rewrite/governing","docs/treeify-rewrite/phases/phase-03/planning/PLAN-P3-RULES.md",completed,"agent_id=Gemini"
2026-05-08T04:00:00-06:00,phase-02,builder,discovery,builder,catalog-agent,BUILD-P2-DISCOVERY,"Implement vegetation discovery and classification","common/src/main/java/com/squinchmods/structurify/common/treeify/worldgen/discovery/**","docs/treeify-rewrite/phases/phase-02/planning/PLAN-P2-DISCOVERY.md","docs/treeify-rewrite/phases/phase-02/build/BUILD-P2-DISCOVERY.md",completed,"agent_id=catalog-agent"
2026-05-08T04:00:00-06:00,phase-03,builder,rules,builder,rules-schema-agent,BUILD-P3-RULES,"Implement vegetation config DTOs and serializers","common/src/main/java/com/squinchmods/structurify/common/treeify/rules/**","docs/treeify-rewrite/phases/phase-03/planning/PLAN-P3-RULES.md","docs/treeify-rewrite/phases/phase-03/build/BUILD-P3-RULES.md",completed,"agent_id=rules-schema-agent"
2026-05-08T04:10:00-06:00,phase-02,qa,discovery,qa,Gemini,QA-P2-DISCOVERY,"Perform QA on discovery implementation","docs/treeify-rewrite/phases/phase-02/qa/QA-P2-DISCOVERY.md","docs/treeify-rewrite/phases/phase-02/build/BUILD-P2-DISCOVERY.md","docs/treeify-rewrite/phases/phase-02/qa/QA-P2-DISCOVERY.md",completed,"agent_id=Gemini"
2026-05-08T04:10:00-06:00,phase-03,qa,rules,qa,Gemini,QA-P3-RULES,"Perform QA on rules implementation","docs/treeify-rewrite/phases/phase-03/qa/QA-P3-RULES.md","docs/treeify-rewrite/phases/phase-03/build/BUILD-P3-RULES.md","docs/treeify-rewrite/phases/phase-03/qa/QA-P3-RULES.md",completed,"agent_id=Gemini"
2026-05-08T04:15:00-06:00,phase-02,phase-qa,all,qa,Gemini,PHASE-QA-P2,"Perform Phase 2 overall QA","docs/treeify-rewrite/phases/phase-02/phase-qa/PHASE-QA-P2.md","docs/treeify-rewrite/phases/phase-02/qa/QA-P2-DISCOVERY.md","docs/treeify-rewrite/phases/phase-02/phase-qa/PHASE-QA-P2.md",completed,"agent_id=Gemini"
2026-05-08T04:15:00-06:00,phase-03,phase-qa,all,qa,Gemini,PHASE-QA-P3,"Perform Phase 3 overall QA","docs/treeify-rewrite/phases/phase-03/phase-qa/PHASE-QA-P3.md","docs/treeify-rewrite/phases/phase-03/qa/QA-P3-RULES.md","docs/treeify-rewrite/phases/phase-03/phase-qa/PHASE-QA-P3.md",completed,"agent_id=Gemini"
2026-05-08T04:20:00-06:00,phase-04,planning,clone-factories,planner,Gemini,PLAN-P4-CLONE-FACTORIES,"Plan feature cloning factories","docs/treeify-rewrite/phases/phase-04/planning/PLAN-P4-CLONE-FACTORIES.md","docs/treeify-rewrite/governing","docs/treeify-rewrite/phases/phase-04/planning/PLAN-P4-CLONE-FACTORIES.md",completed,"agent_id=Gemini"
2026-05-08T04:20:00-06:00,phase-04,planning,forge-runtime,planner,Gemini,PLAN-P4-FORGE-RUNTIME,"Plan Forge runtime backend","docs/treeify-rewrite/phases/phase-04/planning/PLAN-P4-FORGE-RUNTIME.md","docs/treeify-rewrite/governing","docs/treeify-rewrite/phases/phase-04/planning/PLAN-P4-FORGE-RUNTIME.md",completed,"agent_id=Gemini"
2026-05-08T04:25:00-06:00,phase-04,builder,clone-factories,builder,clone-factory-agent,BUILD-P4-CLONE-FACTORIES,"Implement feature cloning factories","common/src/main/java/com/squinchmods/structurify/common/treeify/worldgen/clone/**","docs/treeify-rewrite/phases/phase-04/planning/PLAN-P4-CLONE-FACTORIES.md","docs/treeify-rewrite/phases/phase-04/build/BUILD-P4-CLONE-FACTORIES.md",completed,"agent_id=clone-factory-agent"
2026-05-08T04:25:00-06:00,phase-04,builder,forge-runtime,builder,forge-runtime-agent,BUILD-P4-FORGE-RUNTIME,"Implement Forge runtime apply","forge/src/main/java/com/squinchmods/structurify/common/treeify/forge/worldgen/**","docs/treeify-rewrite/phases/phase-04/planning/PLAN-P4-FORGE-RUNTIME.md","docs/treeify-rewrite/phases/phase-04/build/BUILD-P4-FORGE-RUNTIME.md",completed,"agent_id=forge-runtime-agent"
2026-05-08T04:30:00-06:00,phase-04,qa,clone-factories,qa,Gemini,QA-P4-CLONE-FACTORIES,"Perform QA on cloning implementation","docs/treeify-rewrite/phases/phase-04/qa/QA-P4-CLONE-FACTORIES.md","docs/treeify-rewrite/phases/phase-04/build/BUILD-P4-CLONE-FACTORIES.md","docs/treeify-rewrite/phases/phase-04/qa/QA-P4-CLONE-FACTORIES.md",completed,"agent_id=Gemini"
2026-05-08T04:30:00-06:00,phase-04,qa,forge-runtime,qa,Gemini,QA-P4-FORGE-RUNTIME,"Perform QA on Forge runtime implementation","docs/treeify-rewrite/phases/phase-04/qa/QA-P4-FORGE-RUNTIME.md","docs/treeify-rewrite/phases/phase-04/build/BUILD-P4-FORGE-RUNTIME.md","docs/treeify-rewrite/phases/phase-04/qa/QA-P4-FORGE-RUNTIME.md",completed,"agent_id=Gemini"
2026-05-08T04:35:00-06:00,phase-04,phase-qa,all,qa,Gemini,PHASE-QA-P4,"Perform Phase 4 overall QA","docs/treeify-rewrite/phases/phase-04/phase-qa/PHASE-QA-P4.md","docs/treeify-rewrite/phases/phase-04/qa/QA-P4-CLONE-FACTORIES.md; docs/treeify-rewrite/phases/phase-04/qa/QA-P4-FORGE-RUNTIME.md","docs/treeify-rewrite/phases/phase-04/phase-qa/PHASE-QA-P4.md",completed,"agent_id=Gemini"
2026-05-08T04:40:00-06:00,phase-05,planning,vegetation-list,planner,Gemini,PLAN-P5-VEGETATION-LIST,"Plan vegetation list screen","docs/treeify-rewrite/phases/phase-05/planning/PLAN-P5-VEGETATION-LIST.md","docs/treeify-rewrite/governing","docs/treeify-rewrite/phases/phase-05/planning/PLAN-P5-VEGETATION-LIST.md",completed,"agent_id=Gemini"
2026-05-08T04:40:00-06:00,phase-05,planning,feature-detail,planner,Gemini,PLAN-P5-FEATURE-DETAIL,"Plan feature detail screen","docs/treeify-rewrite/phases/phase-05/planning/PLAN-P5-FEATURE-DETAIL.md","docs/treeify-rewrite/governing","docs/treeify-rewrite/phases/phase-05/planning/PLAN-P5-FEATURE-DETAIL.md",completed,"agent_id=Gemini"
2026-05-08T04:40:00-06:00,phase-05,planning,biome-overrides,planner,Gemini,PLAN-P5-BIOME-OVERRIDES,"Plan biome override screens","docs/treeify-rewrite/phases/phase-05/planning/PLAN-P5-BIOME-OVERRIDES.md","docs/treeify-rewrite/governing","docs/treeify-rewrite/phases/phase-05/planning/PLAN-P5-BIOME-OVERRIDES.md",completed,"agent_id=Gemini"
2026-05-08T04:45:00-06:00,phase-05,builder,ui-screens,builder,treeify-screen-agent,BUILD-P5-UI-SCREENS,"Implement Treeify screens","common/src/main/java/com/squinchmods/structurify/common/treeify/ui/screen/**","docs/treeify-rewrite/phases/phase-05/planning/PLAN-P5-*.md","docs/treeify-rewrite/phases/phase-05/build/BUILD-P5-UI-SCREENS.md",completed,"agent_id=treeify-screen-agent"
2026-05-08T04:50:00-06:00,phase-05,qa,ui-screens,qa,Gemini,QA-P5-UI-SCREENS,"Perform QA on UI screens implementation","docs/treeify-rewrite/phases/phase-05/qa/QA-P5-UI-SCREENS.md","docs/treeify-rewrite/phases/phase-05/build/BUILD-P5-UI-SCREENS.md","docs/treeify-rewrite/phases/phase-05/qa/QA-P5-UI-SCREENS.md",completed,"agent_id=Gemini"
2026-05-08T04:55:00-06:00,phase-05,phase-qa,all,qa,Gemini,PHASE-QA-P5,"Perform Phase 5 overall QA","docs/treeify-rewrite/phases/phase-05/phase-qa/PHASE-QA-P5.md","docs/treeify-rewrite/phases/phase-05/qa/QA-P5-UI-SCREENS.md","docs/treeify-rewrite/phases/phase-05/phase-qa/PHASE-QA-P5.md",completed,"agent_id=Gemini"
2026-05-08T05:00:00-06:00,phase-06,planning,cleanup-rules,planner,Gemini,PLAN-P6-CLEANUP-RULES,"Plan rule cleanup","docs/treeify-rewrite/phases/phase-06/planning/PLAN-P6-CLEANUP-RULES.md","docs/treeify-rewrite/governing","docs/treeify-rewrite/phases/phase-06/planning/PLAN-P6-CLEANUP-RULES.md",completed,"agent_id=Gemini"
2026-05-08T05:00:00-06:00,phase-06,planning,cleanup-ui,planner,Gemini,PLAN-P6-CLEANUP-UI,"Plan UI cleanup","docs/treeify-rewrite/phases/phase-06/planning/PLAN-P6-CLEANUP-UI.md","docs/treeify-rewrite/governing","docs/treeify-rewrite/phases/phase-06/planning/PLAN-P6-CLEANUP-UI.md",completed,"agent_id=Gemini"
2026-05-08T05:00:00-06:00,phase-06,planning,cleanup-worldgen,planner,Gemini,PLAN-P6-CLEANUP-WORLDGEN,"Plan worldgen cleanup","docs/treeify-rewrite/phases/phase-06/planning/PLAN-P6-CLEANUP-WORLDGEN.md","docs/treeify-rewrite/governing","docs/treeify-rewrite/phases/phase-06/planning/PLAN-P6-CLEANUP-WORLDGEN.md",completed,"agent_id=Gemini"
2026-05-08T05:05:00-06:00,phase-06,builder,cleanup,builder,cleanup-agent,BUILD-P6-CLEANUP-ALL,"Delete legacy structure systems","common/**; forge/**","docs/treeify-rewrite/phases/phase-06/planning/PLAN-P6-*.md","docs/treeify-rewrite/phases/phase-06/build/BUILD-P6-CLEANUP-ALL.md",completed,"agent_id=cleanup-agent"
2026-05-08T05:10:00-06:00,phase-06,qa,cleanup,qa,Gemini,QA-P6-CLEANUP-ALL,"Perform QA on cleanup","docs/treeify-rewrite/phases/phase-06/qa/QA-P6-CLEANUP-ALL.md","docs/treeify-rewrite/phases/phase-06/build/BUILD-P6-CLEANUP-ALL.md","docs/treeify-rewrite/phases/phase-06/qa/QA-P6-CLEANUP-ALL.md",completed,"agent_id=Gemini"
2026-05-08T05:15:00-06:00,phase-06,phase-qa,all,qa,Gemini,PHASE-QA-P6,"Perform Phase 6 overall QA","docs/treeify-rewrite/phases/phase-06/phase-qa/PHASE-QA-P6.md","docs/treeify-rewrite/phases/phase-06/qa/QA-P6-CLEANUP-ALL.md","docs/treeify-rewrite/phases/phase-06/phase-qa/PHASE-QA-P6.md",completed,"agent_id=Gemini"
2026-05-08T05:20:00-06:00,phase-07,planning,identity,planner,Gemini,PLAN-P7-IDENTITY,"Plan identity rename","docs/treeify-rewrite/phases/phase-07/planning/PLAN-P7-IDENTITY.md","docs/treeify-rewrite/governing","docs/treeify-rewrite/phases/phase-07/planning/PLAN-P7-IDENTITY.md",completed,"agent_id=Gemini"
2026-05-08T05:25:00-06:00,phase-07,builder,identity,builder,rename-agent,BUILD-P7-IDENTITY,"Convert identity to Treeify","all files","docs/treeify-rewrite/phases/phase-07/planning/PLAN-P7-IDENTITY.md","docs/treeify-rewrite/phases/phase-07/build/BUILD-P7-IDENTITY.md",completed,"agent_id=rename-agent"
2026-05-08T05:30:00-06:00,phase-07,qa,identity,qa,Gemini,QA-P7-IDENTITY,"Perform QA on identity conversion","docs/treeify-rewrite/phases/phase-07/qa/QA-P7-IDENTITY.md","docs/treeify-rewrite/phases/phase-07/build/BUILD-P7-IDENTITY.md","docs/treeify-rewrite/phases/phase-07/qa/QA-P7-IDENTITY.md",completed,"agent_id=Gemini"
2026-05-08T05:35:00-06:00,phase-07,phase-qa,all,qa,Gemini,PHASE-QA-P7,"Perform Phase 7 overall QA","docs/treeify-rewrite/phases/phase-07/phase-qa/PHASE-QA-P7.md","docs/treeify-rewrite/phases/phase-07/qa/QA-P7-IDENTITY.md","docs/treeify-rewrite/phases/phase-07/phase-qa/PHASE-QA-P7.md",completed,"agent_id=Gemini"
2026-05-08T05:40:00-06:00,phase-08,planning,consistency,planner,Gemini,PLAN-P8-FINAL-CONSISTENCY,"Plan final hardening","docs/treeify-rewrite/phases/phase-08/planning/PLAN-P8-FINAL-CONSISTENCY.md","docs/treeify-rewrite/governing","docs/treeify-rewrite/phases/phase-08/planning/PLAN-P8-FINAL-CONSISTENCY.md",completed,"agent_id=Gemini"
2026-05-08T05:45:00-06:00,phase-08,builder,consistency,builder,finalist-agent,BUILD-P8-FINAL-CONSISTENCY,"Perform final consistency audit","all files","docs/treeify-rewrite/phases/phase-08/planning/PLAN-P8-FINAL-CONSISTENCY.md","docs/treeify-rewrite/phases/phase-08/build/BUILD-P8-FINAL-CONSISTENCY.md",completed,"agent_id=finalist-agent"
2026-05-08T05:50:00-06:00,phase-08,qa,overall,qa,Gemini,OVERALL-QA-PASS-1,"Perform first overall QA pass","docs/treeify-rewrite/overall-qa/pass-1/OVERALL-QA-PASS-1.md","all phase artifacts","docs/treeify-rewrite/overall-qa/pass-1/OVERALL-QA-PASS-1.md",completed,"agent_id=Gemini"
2026-05-08T05:55:00-06:00,phase-08,qa,overall,qa,Gemini,OVERALL-QA-PASS-2,"Perform final overall QA pass","docs/treeify-rewrite/overall-qa/pass-2/OVERALL-QA-PASS-2.md","OVERALL-QA-PASS-1.md","docs/treeify-rewrite/overall-qa/pass-2/OVERALL-QA-PASS-2.md",completed,"agent_id=Gemini"
2026-05-08T06:00:00-06:00,post-rewrite,identity,all,orchestrator,Gemini,RENAME-ORG,"Convert organization from faboslav to squinchmods","all files","user request","mods/minecraft/treeify/**",completed,"Re-branded to com.squinchmods"
2026-05-08T06:30:00-06:00,post-rewrite,build-hardening,all,orchestrator,Gemini,BUILD-GREEN,"Achieve 100% green build across all versions","all modules","compilation errors","mods/minecraft/treeify/**",completed,"Verified on Bazzite with SDKMAN Java 21/17"
